;Antwort.ID;Datum.Abgeschickt;Letzte.Seite;Start.Sprache;Zufallsstartwert;Welche.Eigenschaften.wären.für.Sie.bei.der.Suche.nach.einem.einer.langfristigen.Partner.in.wichtig...Sie.haben.insgesamt.15.Punkte.zur.Verfügung..bitte.verteilen.Sie.diese.über.die.folgenden.17.Eigenschaften..Je.wichtiger.eine.Eigenschaft.für.Sie.ist..desto.mehr.Punkte.können.Sie.geben..Wenn.eine.Eigenschaft.weniger.wichtig.ist.für.Sie..vergeben.Sie.wenig.oder.Null.Punkte...Achtung..es.sind.mehr.Eigenschaften.als.Punkte...finanzielle.Sicherheit.;Welche.Eigenschaften.wären.für.Sie.bei.der.Suche.nach.einem.einer.langfristigen.Partner.in.wichtig...Sie.haben.insgesamt.15.Punkte.zur.Verfügung..bitte.verteilen.Sie.diese.über.die.folgenden.17.Eigenschaften..Je.wichtiger.eine.Eigenschaft.für.Sie.ist..desto.mehr.Punkte.können.Sie.geben..Wenn.eine.Eigenschaft.weniger.wichtig.ist.für.Sie..vergeben.Sie.wenig.oder.Null.Punkte...Achtung..es.sind.mehr.Eigenschaften.als.Punkte...körperliche.Attraktivität.;Welche.Eigenschaften.wären.für.Sie.bei.der.Suche.nach.einem.einer.langfristigen.Partner.in.wichtig...Sie.haben.insgesamt.15.Punkte.zur.Verfügung..bitte.verteilen.Sie.diese.über.die.folgenden.17.Eigenschaften..Je.wichtiger.eine.Eigenschaft.für.Sie.ist..desto.mehr.Punkte.können.Sie.geben..Wenn.eine.Eigenschaft.weniger.wichtig.ist.für.Sie..vergeben.Sie.wenig.oder.Null.Punkte...Achtung..es.sind.mehr.Eigenschaften.als.Punkte...kompatible.politische.Meinung.;Welche.Eigenschaften.wären.für.Sie.bei.der.Suche.nach.einem.einer.langfristigen.Partner.in.wichtig...Sie.haben.insgesamt.15.Punkte.zur.Verfügung..bitte.verteilen.Sie.diese.über.die.folgenden.17.Eigenschaften..Je.wichtiger.eine.Eigenschaft.für.Sie.ist..desto.mehr.Punkte.können.Sie.geben..Wenn.eine.Eigenschaft.weniger.wichtig.ist.für.Sie..vergeben.Sie.wenig.oder.Null.Punkte...Achtung..es.sind.mehr.Eigenschaften.als.Punkte...körperliche.Gesundheit.;Welche.Eigenschaften.wären.für.Sie.bei.der.Suche.nach.einem.einer.langfristigen.Partner.in.wichtig...Sie.haben.insgesamt.15.Punkte.zur.Verfügung..bitte.verteilen.Sie.diese.über.die.folgenden.17.Eigenschaften..Je.wichtiger.eine.Eigenschaft.für.Sie.ist..desto.mehr.Punkte.können.Sie.geben..Wenn.eine.Eigenschaft.weniger.wichtig.ist.für.Sie..vergeben.Sie.wenig.oder.Null.Punkte...Achtung..es.sind.mehr.Eigenschaften.als.Punkte...psychische.Gesundheit.;Welche.Eigenschaften.wären.für.Sie.bei.der.Suche.nach.einem.einer.langfristigen.Partner.in.wichtig...Sie.haben.insgesamt.15.Punkte.zur.Verfügung..bitte.verteilen.Sie.diese.über.die.folgenden.17.Eigenschaften..Je.wichtiger.eine.Eigenschaft.für.Sie.ist..desto.mehr.Punkte.können.Sie.geben..Wenn.eine.Eigenschaft.weniger.wichtig.ist.für.Sie..vergeben.Sie.wenig.oder.Null.Punkte...Achtung..es.sind.mehr.Eigenschaften.als.Punkte...Intelligenz.;Welche.Eigenschaften.wären.für.Sie.bei.der.Suche.nach.einem.einer.langfristigen.Partner.in.wichtig...Sie.haben.insgesamt.15.Punkte.zur.Verfügung..bitte.verteilen.Sie.diese.über.die.folgenden.17.Eigenschaften..Je.wichtiger.eine.Eigenschaft.für.Sie.ist..desto.mehr.Punkte.können.Sie.geben..Wenn.eine.Eigenschaft.weniger.wichtig.ist.für.Sie..vergeben.Sie.wenig.oder.Null.Punkte...Achtung..es.sind.mehr.Eigenschaften.als.Punkte...Empathie.Fürsorglichkeit.;Welche.Eigenschaften.wären.für.Sie.bei.der.Suche.nach.einem.einer.langfristigen.Partner.in.wichtig...Sie.haben.insgesamt.15.Punkte.zur.Verfügung..bitte.verteilen.Sie.diese.über.die.folgenden.17.Eigenschaften..Je.wichtiger.eine.Eigenschaft.für.Sie.ist..desto.mehr.Punkte.können.Sie.geben..Wenn.eine.Eigenschaft.weniger.wichtig.ist.für.Sie..vergeben.Sie.wenig.oder.Null.Punkte...Achtung..es.sind.mehr.Eigenschaften.als.Punkte...Selbstbewusstsein.;Welche.Eigenschaften.wären.für.Sie.bei.der.Suche.nach.einem.einer.langfristigen.Partner.in.wichtig...Sie.haben.insgesamt.15.Punkte.zur.Verfügung..bitte.verteilen.Sie.diese.über.die.folgenden.17.Eigenschaften..Je.wichtiger.eine.Eigenschaft.für.Sie.ist..desto.mehr.Punkte.können.Sie.geben..Wenn.eine.Eigenschaft.weniger.wichtig.ist.für.Sie..vergeben.Sie.wenig.oder.Null.Punkte...Achtung..es.sind.mehr.Eigenschaften.als.Punkte...kompatible.Religion.Spiritualität.;Welche.Eigenschaften.wären.für.Sie.bei.der.Suche.nach.einem.einer.langfristigen.Partner.in.wichtig...Sie.haben.insgesamt.15.Punkte.zur.Verfügung..bitte.verteilen.Sie.diese.über.die.folgenden.17.Eigenschaften..Je.wichtiger.eine.Eigenschaft.für.Sie.ist..desto.mehr.Punkte.können.Sie.geben..Wenn.eine.Eigenschaft.weniger.wichtig.ist.für.Sie..vergeben.Sie.wenig.oder.Null.Punkte...Achtung..es.sind.mehr.Eigenschaften.als.Punkte...kompatible.moralische.Werte.;Welche.Eigenschaften.wären.für.Sie.bei.der.Suche.nach.einem.einer.langfristigen.Partner.in.wichtig...Sie.haben.insgesamt.15.Punkte.zur.Verfügung..bitte.verteilen.Sie.diese.über.die.folgenden.17.Eigenschaften..Je.wichtiger.eine.Eigenschaft.für.Sie.ist..desto.mehr.Punkte.können.Sie.geben..Wenn.eine.Eigenschaft.weniger.wichtig.ist.für.Sie..vergeben.Sie.wenig.oder.Null.Punkte...Achtung..es.sind.mehr.Eigenschaften.als.Punkte...Humor.;Welche.Eigenschaften.wären.für.Sie.bei.der.Suche.nach.einem.einer.langfristigen.Partner.in.wichtig...Sie.haben.insgesamt.15.Punkte.zur.Verfügung..bitte.verteilen.Sie.diese.über.die.folgenden.17.Eigenschaften..Je.wichtiger.eine.Eigenschaft.für.Sie.ist..desto.mehr.Punkte.können.Sie.geben..Wenn.eine.Eigenschaft.weniger.wichtig.ist.für.Sie..vergeben.Sie.wenig.oder.Null.Punkte...Achtung..es.sind.mehr.Eigenschaften.als.Punkte...Alter.Partner.in.;Welche.Eigenschaften.wären.für.Sie.bei.der.Suche.nach.einem.einer.langfristigen.Partner.in.wichtig...Sie.haben.insgesamt.15.Punkte.zur.Verfügung..bitte.verteilen.Sie.diese.über.die.folgenden.17.Eigenschaften..Je.wichtiger.eine.Eigenschaft.für.Sie.ist..desto.mehr.Punkte.können.Sie.geben..Wenn.eine.Eigenschaft.weniger.wichtig.ist.für.Sie..vergeben.Sie.wenig.oder.Null.Punkte...Achtung..es.sind.mehr.Eigenschaften.als.Punkte...gleiche.Interessen.;Welche.Eigenschaften.wären.für.Sie.bei.der.Suche.nach.einem.einer.langfristigen.Partner.in.wichtig...Sie.haben.insgesamt.15.Punkte.zur.Verfügung..bitte.verteilen.Sie.diese.über.die.folgenden.17.Eigenschaften..Je.wichtiger.eine.Eigenschaft.für.Sie.ist..desto.mehr.Punkte.können.Sie.geben..Wenn.eine.Eigenschaft.weniger.wichtig.ist.für.Sie..vergeben.Sie.wenig.oder.Null.Punkte...Achtung..es.sind.mehr.Eigenschaften.als.Punkte...ähnliche.sexuelle.Interessen.;Welche.Eigenschaften.wären.für.Sie.bei.der.Suche.nach.einem.einer.langfristigen.Partner.in.wichtig...Sie.haben.insgesamt.15.Punkte.zur.Verfügung..bitte.verteilen.Sie.diese.über.die.folgenden.17.Eigenschaften..Je.wichtiger.eine.Eigenschaft.für.Sie.ist..desto.mehr.Punkte.können.Sie.geben..Wenn.eine.Eigenschaft.weniger.wichtig.ist.für.Sie..vergeben.Sie.wenig.oder.Null.Punkte...Achtung..es.sind.mehr.Eigenschaften.als.Punkte...ähnliche.Familienplanung.;Welche.Eigenschaften.wären.für.Sie.bei.der.Suche.nach.einem.einer.langfristigen.Partner.in.wichtig...Sie.haben.insgesamt.15.Punkte.zur.Verfügung..bitte.verteilen.Sie.diese.über.die.folgenden.17.Eigenschaften..Je.wichtiger.eine.Eigenschaft.für.Sie.ist..desto.mehr.Punkte.können.Sie.geben..Wenn.eine.Eigenschaft.weniger.wichtig.ist.für.Sie..vergeben.Sie.wenig.oder.Null.Punkte...Achtung..es.sind.mehr.Eigenschaften.als.Punkte...Treue.Ehrlichkeit.;Welche.Eigenschaften.wären.für.Sie.bei.der.Suche.nach.einem.einer.langfristigen.Partner.in.wichtig...Sie.haben.insgesamt.15.Punkte.zur.Verfügung..bitte.verteilen.Sie.diese.über.die.folgenden.17.Eigenschaften..Je.wichtiger.eine.Eigenschaft.für.Sie.ist..desto.mehr.Punkte.können.Sie.geben..Wenn.eine.Eigenschaft.weniger.wichtig.ist.für.Sie..vergeben.Sie.wenig.oder.Null.Punkte...Achtung..es.sind.mehr.Eigenschaften.als.Punkte...Kommunikation.;Wie.alt.sind.Sie..Bitte.in.Jahren.angeben.;Zu.welcher.Gruppe.würden.Sie.sich.zugehörig.zählen.....;Welchem.Geschlecht.fühlen.Sie.sich.zugehörig.;Von.welchem.Geschlecht.fühlen.Sie.sich.angezogen.;Sind.Sie.in.einer.festen.Partnerschaft..;Haben.Sie.Kinder.
1;2;1980-01-01 00:00:00;2;de;1644474363;0;0;1;0;0;3;2;0;1;1;1;1;3;0;1;1;0;22;Student:in;Weiblich;Von keinem;Nein;Nein
2;3;1980-01-01 00:00:00;2;de;1749415290;1;4;0;1;1;3;1;2;0;0;0;0;1;0;0;1;0;25;Student:in;Weiblich;Männern;Ja;Nein
3;4;1980-01-01 00:00:00;2;de;561217241;0;3;1;1;0;2;1;0;2;1;1;1;1;0;0;1;0;25;Student:in;Männlich;Frauen;Ja;
5;6;1980-01-01 00:00:00;2;de;848817169;0;1;1;1;1;1;1;1;0;1;2;0;1;1;1;1;1;21;Student:in;Männlich;Frauen;Ja;Nein
6;7;1980-01-01 00:00:00;2;de;119499062;0;0;1;0;1;1;2;1;0;2;1;0;2;0;0;1;3;20;Auszubildende:r;Divers;Unabhängig vom Geschlecht;Ja;Nein
8;9;1980-01-01 00:00:00;2;de;1467493502;1;1;1;1;2;1;1;1;0;1;1;0;1;0;1;1;1;21;Student:in;Weiblich;Männern;Ja;Nein
11;12;1980-01-01 00:00:00;2;de;1902482887;0;0;0;0;0;1;3;1;0;2;1;0;2;0;0;2;3;20;Student:in;Weiblich;Männern;Ja;Nein
13;14;1980-01-01 00:00:00;2;de;1819339038;1;1;1;1;1;1;1;1;0;1;1;1;1;0;1;1;1;25;Angestellte:r;Männlich;Frauen;Nein, auf der Suche;Nein
14;15;1980-01-01 00:00:00;2;de;466443381;0;1;1;1;1;1;1;1;1;1;1;1;1;0;1;1;1;69;Student:in;Männlich;Frauen;Ja;Nein
18;19;1980-01-01 00:00:00;2;de;882485025;0;0;0;0;1;0;2;0;0;0;2;0;2;0;0;4;4;22;Student:in;Weiblich;Männern;Nein;Nein
19;20;1980-01-01 00:00:00;2;de;1433775966;0;1;0;2;2;0;2;0;0;0;0;0;2;0;0;3;3;22;Auszubildende:r;Männlich;Frauen;Nein;Nein
20;21;1980-01-01 00:00:00;2;de;1363787679;0;2;1;1;0;1;1;1;0;1;1;0;1;1;1;2;1;22;Student:in;Weiblich;Beiden Geschlechtern;Nein;Nein
21;22;1980-01-01 00:00:00;2;de;2147171069;0;1;1;1;1;1;1;1;0;1;2;0;0;0;1;2;2;22;Student:in;Weiblich;Männern;Ja;Nein
22;23;1980-01-01 00:00:00;2;de;615704496;0;2;2;1;1;2;2;0;0;1;2;0;0;0;0;1;1;24;Student:in;Männlich;Frauen;Nein;Nein
23;24;1980-01-01 00:00:00;2;de;1165177826;0;0;1;0;0;1;2;1;0;2;2;0;1;1;1;2;1;24;Angestellte:r;Weiblich;Männern;Nein;Nein
24;25;1980-01-01 00:00:00;2;de;657414659;1;1;0;0;0;1;2;2;0;1;1;0;0;1;2;2;1;24;Student:in;Männlich;Frauen;Ja;Nein
25;26;1980-01-01 00:00:00;2;de;1415880280;0;3;0;0;3;3;2;0;0;0;1;0;0;0;0;1;2;25;Auszubildende:r;Männlich;Frauen;Nein, auf der Suche;Nein
26;27;1980-01-01 00:00:00;2;de;592057328;2;1;2;1;0;1;1;0;0;1;1;0;0;1;1;2;1;25;Student:in;Weiblich;Unabhängig vom Geschlecht;Nein;Nein
27;28;1980-01-01 00:00:00;2;de;1250390169;0;1;2;0;1;1;2;1;0;2;1;0;1;1;0;0;2;23;Angestellte:r;Männlich;Beiden Geschlechtern;Nein;Nein
29;30;1980-01-01 00:00:00;2;de;563565137;0;1;0;2;1;2;1;1;1;1;1;0;1;1;1;0;1;22;Angestellte:r;Männlich;Frauen;Ja;Nein
30;31;1980-01-01 00:00:00;2;de;18079130;0;1;0;0;0;1;1;0;1;2;2;1;0;1;1;2;2;24;Student:in;Männlich;Frauen;Nein, auf der Suche;Nein
33;34;1980-01-01 00:00:00;2;de;1045521259;0;3;0;3;3;1;0;0;0;0;0;0;0;0;0;5;0;22;Student:in;Männlich;Frauen;Nein, auf der Suche;Nein
34;35;1980-01-01 00:00:00;2;de;1082623973;0;1;0;0;1;2;2;2;0;1;1;0;2;0;0;2;1;57;Angestellte:r;Männlich;Frauen;Ja;Ja
35;36;1980-01-01 00:00:00;2;de;293100101;2;0;0;1;1;2;1;1;0;1;1;0;1;1;1;1;1;59;Angestellte:r;Weiblich;Männern;Ja;Ja
36;37;1980-01-01 00:00:00;2;de;1305900098;0;2;1;2;2;2;1;1;0;1;1;0;0;1;0;1;0;23;Student:in;Männlich;Frauen;Ja;Nein
37;38;1980-01-01 00:00:00;2;de;171122493;0;1;0;0;0;1;3;1;0;1;2;0;0;0;0;3;3;21;Student:in;Weiblich;Männern;Nein;Nein
38;39;1980-01-01 00:00:00;2;de;1813158017;0;0;0;0;0;0;1;0;0;0;0;0;1;0;1;5;7;22;Student:in;Weiblich;Männern;Ja;Nein
39;40;1980-01-01 00:00:00;2;de;828598769;0;2;0;0;0;1;0;0;0;0;3;0;0;0;0;5;4;21;Auszubildende:r;Weiblich;Unabhängig vom Geschlecht;Ja;Nein
40;41;1980-01-01 00:00:00;2;de;371029833;1;1;2;1;3;2;2;1;0;0;1;0;0;0;0;0;1;59;Angestellte:r;Weiblich;Männern;Ja;Ja
43;44;1980-01-01 00:00:00;2;de;1690812006;0;1;0;1;1;1;2;1;0;1;1;0;1;1;1;2;1;20;Schüler:in;Männlich;Frauen;Nein;Nein
44;45;1980-01-01 00:00:00;2;de;1825677222;0;2;1;0;0;1;2;1;0;1;1;0;1;1;0;2;2;22;Student:in;Weiblich;Männern;Nein;Nein
45;46;1980-01-01 00:00:00;2;de;1653036646;1;1;1;1;1;0;1;1;0;2;0;0;0;0;0;3;3;24;Auszubildende:r;Männlich;Frauen;Nein, auf der Suche;Nein
46;47;1980-01-01 00:00:00;2;de;810777180;2;1;2;0;1;1;1;0;1;2;0;1;0;0;1;1;1;22;Student:in;Divers;Unabhängig vom Geschlecht;Nein;Nein
47;48;1980-01-01 00:00:00;2;de;1958620669;0;1;1;1;1;1;0;0;1;1;1;1;2;1;2;0;1;21;Student:in;Männlich;Frauen;Nein, auf der Suche;Nein
48;49;1980-01-01 00:00:00;2;de;782633638;2;2;1;0;0;0;2;0;1;2;3;0;0;0;0;2;0;25;Student:in;Weiblich;Männern;Ja;Nein
49;50;1980-01-01 00:00:00;2;de;1508717098;0;0;2;1;1;2;2;0;0;2;0;0;0;0;1;2;2;22;Student:in;Weiblich;Männern;Ja;Nein
50;51;1980-01-01 00:00:00;2;de;2081112969;0;1;1;1;1;1;1;0;0;2;1;0;1;1;0;1;3;26;Student:in;Männlich;Frauen;Ja;Nein
52;53;1980-01-01 00:00:00;2;de;369672353;0;1;0;0;0;2;2;1;0;1;3;0;0;1;0;1;3;22;Student:in;Weiblich;Männern;Nein;Nein
54;55;1980-01-01 00:00:00;2;de;1781852494;0;2;0;1;1;2;2;1;0;1;1;0;1;1;0;1;1;24;Student:in;Männlich;Frauen;Nein, auf der Suche;Nein
55;56;1980-01-01 00:00:00;2;de;1615033833;0;1;1;1;1;1;2;1;0;1;1;0;0;1;1;1;2;25;Student:in;Weiblich;Männern;Nein, auf der Suche;Nein
57;58;1980-01-01 00:00:00;2;de;504216298;0;1;1;1;2;1;1;1;1;1;1;0;0;1;1;1;1;45;Selbstständig;Männlich;Frauen;Ja;Nein
58;59;1980-01-01 00:00:00;2;de;2024418993;0;3;1;0;0;2;1;0;0;2;1;0;2;0;1;1;1;22;Student:in;Männlich;Frauen;Nein;Nein
59;60;1980-01-01 00:00:00;2;de;1183537168;0;4;1;1;1;1;2;0;0;1;0;0;0;1;0;2;1;22;Student:in;Männlich;Frauen;Nein;Nein
60;61;1980-01-01 00:00:00;2;de;1976128302;1;2;0;1;2;1;2;0;0;1;1;0;0;1;1;1;1;23;Auszubildende:r;Männlich;Frauen;Nein, auf der Suche;Nein
61;62;1980-01-01 00:00:00;2;de;439195718;1;1;1;1;1;1;1;1;0;1;1;0;1;1;1;1;1;24;Student:in;Männlich;Frauen;Ja;Nein
63;64;1980-01-01 00:00:00;2;de;281818972;2;1;1;1;2;1;1;1;0;1;1;0;1;0;0;1;1;60;Angestellte:r;Weiblich;Männern;Nein;Ja
64;65;1980-01-01 00:00:00;2;de;1697733345;2;1;0;0;1;2;2;0;0;1;1;0;1;0;0;2;2;22;Angestellte:r;Weiblich;Männern;Nein, auf der Suche;Nein
65;66;1980-01-01 00:00:00;2;de;857206859;0;1;1;1;1;2;1;1;0;1;0;1;1;1;1;1;1;36;Student:in;Männlich;Frauen;Nein;Nein
66;67;1980-01-01 00:00:00;2;de;222431230;1;1;1;1;1;1;1;1;1;0;1;0;1;1;1;1;1;47;Selbstständig;Weiblich;Männern;Ja;Ja
68;69;1980-01-01 00:00:00;2;de;1287947337;0;1;0;1;0;0;0;0;0;0;1;0;1;0;0;11;0;22;Angestellte:r;Weiblich;Männern;Ja;Nein
69;70;1980-01-01 00:00:00;2;de;995140976;1;2;1;1;1;2;1;0;0;0;1;0;1;0;1;2;1;27;Angestellte:r;Männlich;Frauen;Ja;Nein
70;71;1980-01-01 00:00:00;2;de;1530422302;0;0;0;1;2;1;1;1;0;1;1;0;1;1;1;1;3;29;Angestellte:r;Männlich;Frauen;Nein, auf der Suche;Nein
71;72;1980-01-01 00:00:00;2;de;666854007;1;1;0;0;0;2;2;0;0;0;2;0;1;1;1;2;2;24;Angestellte:r;Weiblich;Männern;Ja;Nein
73;74;1980-01-01 00:00:00;2;de;70281665;1;2;2;0;1;1;2;0;0;1;1;0;0;0;0;2;2;27;Angestellte:r;Weiblich;Männern;Ja;Nein
74;75;1980-01-01 00:00:00;2;de;35499837;0;2;0;1;2;1;1;0;0;2;2;0;0;0;0;2;2;28;Angestellte:r;Männlich;Frauen;Ja;Nein
75;76;1980-01-01 00:00:00;2;de;1309583619;1;1;1;1;1;1;1;1;0;1;2;0;0;1;1;1;1;30;Student:in;Weiblich;Frauen;Nein;Nein
76;77;1980-01-01 00:00:00;2;de;320534478;0;1;1;0;1;1;2;0;0;1;1;1;0;1;1;2;2;27;Angestellte:r;Weiblich;Beiden Geschlechtern;Ja;Nein
77;78;1980-01-01 00:00:00;2;de;849357274;0;1;1;1;1;1;1;1;0;1;1;0;1;1;1;2;1;22;Student:in;Weiblich;Unabhängig vom Geschlecht;Ja;Nein
78;79;1980-01-01 00:00:00;2;de;478393595;0;2;1;1;1;1;1;1;0;2;1;0;0;2;0;1;1;21;Student:in;Männlich;Frauen;Ja;Nein
79;80;1980-01-01 00:00:00;2;de;1988838822;1;1;0;3;3;1;1;1;0;1;0;1;0;0;0;2;0;20;Student:in;Weiblich;Männern;Ja;Nein
80;81;1980-01-01 00:00:00;2;de;760160415;0;1;1;0;2;1;1;1;1;1;2;0;1;1;0;1;1;21;Student:in;Weiblich;Beiden Geschlechtern;Nein;Nein
81;82;1980-01-01 00:00:00;2;de;1712544110;0;3;2;1;0;3;1;0;0;0;0;0;1;1;0;3;0;21;Student:in;Männlich;Frauen;Nein;Nein
82;83;1980-01-01 00:00:00;2;de;244068311;1;1;1;0;2;1;2;0;0;1;1;0;0;1;1;1;2;40;Angestellte:r;Weiblich;Männern;Ja;Nein
83;84;1980-01-01 00:00:00;2;de;1478545077;0;0;0;0;0;3;3;0;0;0;3;0;0;3;0;3;0;25;Angestellte:r;Weiblich;Männern;Nein, auf der Suche;Nein
84;85;1980-01-01 00:00:00;2;de;147809225;0;2;2;0;0;4;1;0;1;4;1;0;0;0;0;0;0;20;Student:in;Männlich;Frauen;Nein;Nein
85;86;1980-01-01 00:00:00;2;de;16432196;0;0;1;1;3;2;0;0;0;2;2;0;1;0;0;0;3;22;Student:in;Männlich;Unabhängig vom Geschlecht;Nein;Nein
86;87;1980-01-01 00:00:00;2;de;2118959524;1;1;1;1;1;1;1;1;0;1;1;0;1;2;2;0;0;26;Angestellte:r;Männlich;Frauen;Nein;Nein
88;89;1980-01-01 00:00:00;2;de;1775665309;0;0;0;2;0;2;2;1;0;2;0;0;1;1;1;1;2;21;Student:in;Weiblich;Männern;Ja;Nein
90;91;1980-01-01 00:00:00;2;de;2026059175;1;0;0;0;1;1;1;1;0;1;2;0;1;1;2;2;1;22;Student:in;Weiblich;Unabhängig vom Geschlecht;Nein;Nein
91;92;1980-01-01 00:00:00;2;de;785530746;0;0;1;0;2;2;2;0;0;2;1;0;0;0;1;2;2;24;Student:in;Weiblich;Männern;Ja;Nein
92;93;1980-01-01 00:00:00;2;de;1278695604;0;0;0;1;0;2;5;0;0;1;1;0;0;1;1;3;0;25;Student:in;Weiblich;Beiden Geschlechtern;Nein;Nein
93;94;1980-01-01 00:00:00;2;de;346693892;1;2;0;1;1;3;1;1;0;0;2;0;0;0;0;0;3;55;Angestellte:r;Männlich;Frauen;Ja;Ja
95;96;1980-01-01 00:00:00;2;de;1833803804;1;1;0;1;1;1;2;0;0;1;2;0;0;1;2;1;1;22;Student:in;Männlich;Frauen;Ja;Nein
96;97;1980-01-01 00:00:00;2;de;874590324;0;2;1;1;0;1;0;3;0;1;3;0;0;1;0;1;1;22;Student:in;Weiblich;Männern;Ja;Nein
98;99;1980-01-01 00:00:00;2;de;545742514;0;1;0;2;1;1;1;0;0;1;2;0;0;2;1;2;1;27;Angestellte:r;Männlich;Frauen;Nein, auf der Suche;Nein
99;100;1980-01-01 00:00:00;2;de;2115582346;0;0;2;0;0;1;2;0;1;2;2;0;1;1;0;2;1;23;Student:in;Männlich;Frauen;Nein;Nein
100;101;1980-01-01 00:00:00;2;de;1376207512;0;1;0;0;3;1;3;0;0;0;1;0;0;0;0;3;3;24;Angestellte:r;Männlich;Frauen;Ja;Nein
101;102;1980-01-01 00:00:00;2;de;773768720;0;1;1;1;1;1;1;1;1;1;1;1;0;0;1;2;1;25;Student:in;Männlich;Frauen;Nein, auf der Suche;Nein
102;103;1980-01-01 00:00:00;2;de;1359061136;0;2;2;0;0;1;2;0;0;2;2;1;0;0;1;1;1;27;Angestellte:r;Weiblich;Männern;Nein, auf der Suche;Nein
103;104;1980-01-01 00:00:00;2;de;1892687159;0;0;1;1;1;0;3;0;0;1;1;0;0;0;2;3;2;27;Angestellte:r;Weiblich;Unabhängig vom Geschlecht;Ja;Nein
104;105;1980-01-01 00:00:00;2;de;612937580;0;1;1;0;0;2;3;1;0;1;2;0;1;1;0;1;1;53;Angestellte:r;Männlich;Frauen;Ja;Ja
105;106;1980-01-01 00:00:00;2;de;485437554;0;1;1;1;1;2;1;1;0;1;1;0;0;1;1;1;2;34;Student:in;Männlich;Frauen;Nein, auf der Suche;
106;107;1980-01-01 00:00:00;2;de;345276850;0;3;0;1;1;0;2;0;0;2;1;0;1;0;0;2;2;20;Student:in;Weiblich;Männern;Ja;Nein
107;108;1980-01-01 00:00:00;2;de;1183257113;0;1;0;0;0;1;2;0;0;3;3;0;0;0;0;3;2;23;Angestellte:r;Weiblich;Männern;Ja;Nein
108;109;1980-01-01 00:00:00;2;de;1872839343;1;1;1;1;1;1;1;1;0;1;1;0;1;1;1;1;1;57;Angestellte:r;Weiblich;Männern;Nein;Ja
109;110;1980-01-01 00:00:00;2;de;977161492;1;5;0;0;1;0;2;0;0;0;1;0;0;4;0;0;1;29;Angestellte:r;Männlich;Frauen;Nein;Ja
110;111;1980-01-01 00:00:00;2;de;510856624;0;1;3;0;0;2;2;0;0;3;0;0;1;1;0;1;1;20;Student:in;Weiblich;Männern;Ja;Nein
111;112;1980-01-01 00:00:00;2;de;1491722992;0;2;0;1;1;2;2;0;0;1;1;0;1;0;0;2;2;45;Angestellte:r;Weiblich;Männern;Ja;Ja
113;114;1980-01-01 00:00:00;2;de;1098432153;1;1;0;1;1;1;2;2;0;0;1;0;1;0;0;2;2;25;Student:in;Weiblich;Männern;Ja;Nein
114;115;1980-01-01 00:00:00;2;de;265689496;0;0;2;0;0;0;2;0;0;2;1;0;1;2;2;1;2;23;Student:in;Weiblich;Männern;Ja;Nein
115;116;1980-01-01 00:00:00;2;de;192200860;1;2;1;0;0;2;2;0;0;1;2;0;0;0;1;2;1;25;Student:in;Männlich;Frauen;Ja;Nein
116;117;1980-01-01 00:00:00;2;de;658739424;0;3;5;2;0;2;0;0;0;0;0;0;0;0;0;0;3;24;Student:in;Männlich;Frauen;Ja;Nein
117;118;1980-01-01 00:00:00;2;de;738610289;0;1;1;0;1;2;2;1;0;2;1;0;0;0;1;1;2;22;Student:in;Weiblich;Beiden Geschlechtern;Nein;Nein
118;119;1980-01-01 00:00:00;2;de;986616864;1;1;2;1;1;1;1;1;0;0;1;0;1;0;1;2;1;23;Student:in;Weiblich;Männern;Ja;Nein
119;120;1980-01-01 00:00:00;2;de;1583593820;0;0;0;0;0;2;2;0;0;2;2;0;2;0;0;3;2;25;Student:in;Männlich;Frauen;Ja;Nein
121;122;1980-01-01 00:00:00;2;de;1939742724;0;3;1;2;2;1;0;1;0;2;1;0;0;0;1;0;1;22;Student:in;Männlich;Frauen;Ja;Nein
122;123;1980-01-01 00:00:00;2;de;1412871996;0;0;1;1;2;1;2;1;0;1;1;0;1;0;0;2;2;21;Student:in;Männlich;Frauen;Ja;Nein
123;124;1980-01-01 00:00:00;2;de;1251812407;0;2;1;1;1;1;2;0;0;2;2;0;0;1;0;1;1;25;Student:in;Männlich;Frauen;Ja;Nein
124;125;1980-01-01 00:00:00;2;de;1531526715;0;1;2;0;0;1;2;1;2;0;2;1;0;0;1;1;1;20;Student:in;Weiblich;Männern;Nein;Nein
128;129;1980-01-01 00:00:00;2;de;1835067787;0;1;2;0;1;0;2;1;0;1;1;0;1;1;0;2;2;19;Student:in;Weiblich;Beiden Geschlechtern;Nein;Nein
129;130;1980-01-01 00:00:00;2;de;1201969206;0;1;1;0;0;0;1;2;0;1;1;0;1;1;1;2;3;22;Student:in;Divers;Unabhängig vom Geschlecht;;Nein
132;133;1980-01-01 00:00:00;2;de;1533421755;1;3;0;1;2;0;0;0;0;0;2;0;1;2;0;1;2;20;Student:in;Männlich;Frauen;Ja;Nein
133;134;1980-01-01 00:00:00;2;de;560417262;0;1;1;0;0;1;2;1;0;1;1;0;1;1;1;2;2;25;Student:in;Männlich;Frauen;Nein, auf der Suche;Nein
135;136;1980-01-01 00:00:00;2;de;851983128;0;0;0;0;0;1;3;0;0;1;1;2;0;0;2;3;2;22;Student:in;Weiblich;Beiden Geschlechtern;Ja;Nein
136;137;1980-01-01 00:00:00;2;de;1015319005;0;1;1;1;1;1;1;1;0;2;0;0;1;1;0;2;2;27;Student:in;Weiblich;Männern;Ja;Nein
137;138;1980-01-01 00:00:00;2;de;1948219229;0;0;1;1;2;0;2;1;0;2;1;0;0;2;0;1;2;35;momentan nicht beruflich tätig;Weiblich;Männern;Ja;Nein
139;140;1980-01-01 00:00:00;2;de;1303779307;0;1;0;1;1;2;4;0;0;0;1;0;1;1;0;1;2;28;Student:in;Männlich;Frauen;Ja;Nein
140;141;1980-01-01 00:00:00;2;de;416756806;0;4;0;2;0;1;2;0;0;0;0;1;0;0;1;2;2;22;Student:in;Männlich;Frauen;Ja;Nein
142;143;1980-01-01 00:00:00;2;de;182028681;0;2;1;1;1;2;2;2;0;0;2;0;0;0;0;1;1;24;Student:in;Männlich;Frauen;Nein;Nein
143;144;1980-01-01 00:00:00;2;de;72741931;0;1;0;0;0;1;1;1;1;1;2;0;1;2;0;2;2;28;Auszubildende:r;Männlich;Beiden Geschlechtern;Ja;Nein
144;145;1980-01-01 00:00:00;2;de;85173618;0;3;0;0;2;1;0;0;0;2;2;0;0;1;0;2;2;25;Student:in;Männlich;Frauen;Nein, auf der Suche;Nein
145;146;1980-01-01 00:00:00;2;de;916193752;1;1;0;0;1;0;1;1;0;1;1;0;1;1;1;2;3;21;Student:in;Weiblich;Männern;Ja;Nein
147;148;1980-01-01 00:00:00;2;de;1377958790;0;1;1;2;2;0;1;0;0;5;1;0;0;1;1;0;0;28;Student:in;Männlich;Frauen;Nein, auf der Suche;Nein
148;149;1980-01-01 00:00:00;2;de;838430717;0;0;2;1;0;1;2;0;0;2;1;0;0;2;0;2;2;21;Student:in;Weiblich;Männern;Nein;Nein
149;150;1980-01-01 00:00:00;2;de;727561854;0;1;1;1;1;1;1;1;1;1;1;1;0;1;1;1;1;26;Student:in;Männlich;Frauen;Nein;Nein
150;151;1980-01-01 00:00:00;2;de;691941069;0;2;1;0;0;1;2;1;1;1;2;0;1;1;0;0;2;21;Student:in;Männlich;Frauen;Nein;Nein
151;152;1980-01-01 00:00:00;2;de;666735348;0;2;0;0;0;2;2;0;0;3;2;0;0;0;0;2;2;22;Student:in;Weiblich;Beiden Geschlechtern;Nein;Nein
154;155;1980-01-01 00:00:00;2;de;810868054;0;2;1;1;1;0;1;0;0;1;2;0;1;0;2;3;0;19;Student:in;Männlich;Frauen;Nein;Nein
158;159;1980-01-01 00:00:00;2;de;1172711814;0;0;1;0;0;1;2;1;0;2;3;0;0;0;1;2;2;25;Angestellte:r;Weiblich;Beiden Geschlechtern;Ja;Nein
159;160;1980-01-01 00:00:00;2;de;49337419;0;2;0;2;2;0;1;0;0;2;1;0;0;2;0;3;0;21;Angestellte:r;Männlich;Frauen;Ja;Nein
160;161;1980-01-01 00:00:00;2;de;2015239287;0;0;1;0;0;1;2;1;1;1;2;0;0;1;1;1;3;25;Angestellte:r;Weiblich;Männern;Ja;Nein
163;164;1980-01-01 00:00:00;2;de;581010065;0;1;0;1;1;1;2;2;0;0;1;1;0;1;1;1;2;21;Student:in;Weiblich;Männern;Nein;Nein
164;165;1980-01-01 00:00:00;2;de;568870691;0;1;2;0;1;1;1;1;1;2;0;0;0;1;0;2;2;20;Student:in;Weiblich;Frauen;Nein, auf der Suche;Nein
165;166;1980-01-01 00:00:00;2;de;534892009;1;1;2;0;1;0;1;2;0;1;1;0;1;1;0;1;2;32;Angestellte:r;Männlich;Frauen;Ja;Nein
169;170;1980-01-01 00:00:00;2;de;241499993;1;1;0;1;1;1;2;1;0;2;1;0;1;0;0;2;1;79;Rentner:in;Männlich;Männern;Nein;Ja
170;171;1980-01-01 00:00:00;2;de;1409551867;4;4;0;2;3;2;0;0;0;0;0;0;0;0;0;0;0;57;Angestellte:r;Männlich;Frauen;Ja;Ja
171;172;1980-01-01 00:00:00;2;de;1409178048;1;1;1;1;0;2;1;0;0;1;2;1;1;0;0;2;1;21;Student:in;Weiblich;Männern;Nein, auf der Suche;Nein
172;173;1980-01-01 00:00:00;2;de;139686110;0;1;4;1;2;1;1;0;2;0;0;0;0;0;0;3;0;21;Student:in;Männlich;Frauen;Ja;Nein
173;174;1980-01-01 00:00:00;2;de;258671034;0;1;0;0;0;0;4;0;0;3;3;0;0;1;0;1;2;26;Student:in;Männlich;Frauen;Ja;Nein
174;175;1980-01-01 00:00:00;2;de;654603622;1;2;1;2;1;1;1;1;0;1;1;0;0;1;0;1;1;64;Selbstständig;Männlich;Frauen;Ja;Nein
176;177;1980-01-01 00:00:00;2;de;933655941;0;2;0;0;0;2;2;0;0;1;2;1;1;0;2;2;0;31;Selbstständig;Männlich;Frauen;Nein, auf der Suche;Nein
177;178;1980-01-01 00:00:00;2;de;1803799099;1;1;1;2;1;1;1;1;0;1;1;0;0;1;1;1;1;20;Student:in;Männlich;Frauen;Ja;Nein
178;179;1980-01-01 00:00:00;2;de;189295337;0;2;1;1;1;1;1;1;0;1;1;0;0;1;1;2;1;23;Student:in;Männlich;Frauen;Nein;Nein
179;180;1980-01-01 00:00:00;2;de;625529131;0;0;1;0;0;2;1;3;0;2;2;0;0;0;1;1;2;23;Auszubildende:r;Männlich;Beiden Geschlechtern;Nein;Nein
180;181;1980-01-01 00:00:00;2;de;177642632;0;0;2;0;1;1;2;0;1;3;1;0;1;0;0;1;2;21;Student:in;Männlich;Beiden Geschlechtern;;Nein
181;182;1980-01-01 00:00:00;2;de;1840847198;1;1;2;0;1;0;3;0;0;2;1;0;0;0;2;0;2;25;Student:in;Weiblich;Beiden Geschlechtern;Ja;Nein
183;184;1980-01-01 00:00:00;2;de;1519237370;1;1;1;1;2;1;1;0;0;2;1;0;0;1;0;2;1;25;Student:in;Männlich;Frauen;Ja;Nein
184;185;1980-01-01 00:00:00;2;de;663748258;0;1;1;1;1;2;1;1;0;1;1;0;1;0;1;1;2;26;Student:in;Weiblich;Männern;;Nein
185;186;1980-01-01 00:00:00;2;de;17503288;0;1;0;0;0;1;0;0;0;3;2;2;0;0;0;3;3;22;Student:in;Divers;Keine Angabe;Ja;Nein
186;187;1980-01-01 00:00:00;2;de;2074951360;0;0;0;1;1;1;2;1;0;3;1;0;0;1;1;2;1;25;Student:in;Weiblich;Beiden Geschlechtern;Ja;Nein
187;188;1980-01-01 00:00:00;2;de;289419220;1;1;1;1;1;0;2;0;0;1;1;0;2;0;0;2;2;27;Angestellte:r;Weiblich;Männern;Ja;Nein
188;189;1980-01-01 00:00:00;2;de;1290536953;1;1;1;1;1;2;1;1;0;1;1;0;1;1;1;1;0;64;Selbstständig;Männlich;Frauen;Ja;Ja
189;190;1980-01-01 00:00:00;2;de;1971324738;0;1;0;0;1;2;2;1;0;1;1;0;1;1;0;2;2;1999;Auszubildende:r;Weiblich;Männern;;Nein
190;191;1980-01-01 00:00:00;2;de;582718847;0;1;2;1;0;1;2;1;0;3;1;0;0;1;0;0;2;22;Student:in;Weiblich;Männern;Ja;Nein
191;192;1980-01-01 00:00:00;2;de;2125878290;0;2;1;0;0;1;2;1;1;1;2;0;1;1;0;0;2;21;Student:in;Männlich;Frauen;Nein;Nein
192;193;1980-01-01 00:00:00;2;de;1285845834;0;1;0;1;1;2;0;2;0;0;3;0;0;0;0;3;2;22;Student:in;Männlich;Frauen;Nein;Nein
193;194;1980-01-01 00:00:00;2;de;1430002325;0;3;0;0;1;3;5;1;0;0;0;0;0;0;1;1;0;26;Student:in;Männlich;Frauen;Nein;Nein
195;196;1980-01-01 00:00:00;2;de;700371695;1;2;1;1;1;3;1;0;0;2;1;0;0;0;0;1;1;21;Student:in;Männlich;Frauen;Nein, auf der Suche;Nein
200;201;1980-01-01 00:00:00;2;de;1023517682;0;1;0;1;1;1;2;0;0;1;1;0;1;0;0;3;3;22;Student:in;Weiblich;Unabhängig vom Geschlecht;Nein;Nein
201;202;1980-01-01 00:00:00;2;de;934759569;1;1;1;1;1;1;1;1;0;1;1;0;1;1;0;1;2;67;Selbstständig;Weiblich;Männern;Ja;Ja
202;203;1980-01-01 00:00:00;2;de;1032345421;1;2;1;0;0;2;0;1;0;0;3;0;2;3;0;0;0;21;Student:in;Männlich;Frauen;Ja;Nein
203;204;1980-01-01 00:00:00;2;de;1287514073;1;2;2;2;2;1;0;1;0;0;1;1;1;0;0;0;1;24;Student:in;Männlich;Beiden Geschlechtern;Nein, auf der Suche;Nein
204;205;1980-01-01 00:00:00;2;de;1831474129;0;3;1;1;0;1;1;0;0;2;2;0;1;0;1;2;0;22;Student:in;Männlich;Frauen;Ja;Nein
205;206;1980-01-01 00:00:00;2;de;2132899070;0;1;0;0;0;2;3;1;0;1;2;1;0;0;0;2;2;21;Student:in;Weiblich;Männern;Ja;Nein
206;207;1980-01-01 00:00:00;2;de;2102627566;1;1;1;1;1;1;1;0;0;1;2;0;0;1;1;2;1;30;momentan nicht beruflich tätig;Weiblich;Männern;Ja;Nein
207;208;1980-01-01 00:00:00;2;de;884949305;1;0;1;1;1;1;1;1;0;1;1;0;0;0;0;3;3;25;Student:in;Weiblich;Männern;Ja;Nein
208;209;1980-01-01 00:00:00;2;de;493243420;0;2;2;2;2;0;2;1;0;0;1;0;1;0;0;1;1;25;Angestellte:r;Weiblich;Männern;Ja;Nein
209;210;1980-01-01 00:00:00;2;de;1958090313;0;1;1;1;1;2;1;1;0;1;1;0;1;1;1;1;1;24;Auszubildende:r;Männlich;Männern;Ja;Nein
210;211;1980-01-01 00:00:00;2;de;2012364635;0;2;1;0;0;1;2;0;0;1;1;0;2;1;0;2;2;25;Student:in;Männlich;Frauen;Ja;Nein
211;212;1980-01-01 00:00:00;2;de;1811077445;0;1;1;2;2;2;1;1;0;1;2;0;0;0;0;1;1;24;Student:in;Männlich;Frauen;Nein;Nein
212;213;1980-01-01 00:00:00;2;de;1035655626;0;2;4;0;0;4;4;0;0;0;1;0;0;0;0;0;0;25;Student:in;Männlich;Frauen;Ja;Nein
214;215;1980-01-01 00:00:00;2;de;1181172766;1;1;0;2;2;1;2;2;0;0;2;0;0;0;0;2;0;25;Angestellte:r;Weiblich;Männern;Nein, auf der Suche;Nein
217;218;1980-01-01 00:00:00;2;de;348513793;1;1;1;0;0;1;1;1;0;1;2;1;0;1;1;1;2;22;Student:in;Weiblich;Männern;Ja;Nein
218;219;1980-01-01 00:00:00;2;de;1750745823;1;3;2;0;1;3;0;0;0;0;2;0;1;1;0;1;0;55;Angestellte:r;Männlich;Frauen;Ja;Ja
219;220;1980-01-01 00:00:00;2;de;1522989177;0;1;1;0;0;2;1;1;3;0;2;0;2;0;0;2;0;14;Schüler:in;Männlich;Frauen;;Nein
221;222;1980-01-01 00:00:00;2;de;1147828166;0;3;3;2;2;2;0;1;0;2;0;0;0;0;0;0;0;52;Selbstständig;Männlich;Frauen;Ja;Ja
224;225;1980-01-01 00:00:00;2;de;449725386;0;1;0;0;0;3;3;0;0;2;2;0;0;2;0;0;2;30;Angestellte:r;Männlich;Frauen;Nein;Nein
225;226;1980-01-01 00:00:00;2;de;1679715056;2;1;1;0;1;3;0;0;0;1;1;1;1;1;0;1;1;63;Angestellte:r;Weiblich;Männern;Nein;
226;227;1980-01-01 00:00:00;2;de;576841087;1;1;0;2;1;1;1;1;0;1;1;1;0;1;1;1;1;21;Student:in;Männlich;Frauen;Nein;Nein
227;228;1980-01-01 00:00:00;2;de;1786337824;0;1;1;0;1;1;2;0;0;1;2;0;1;0;1;2;2;23;Student:in;Weiblich;Männern;Ja;Nein
228;229;1980-01-01 00:00:00;2;de;965567509;0;1;1;1;0;1;1;0;0;1;1;0;2;1;3;2;0;23;Student:in;Männlich;Frauen;Ja;Nein
229;230;1980-01-01 00:00:00;2;de;107182317;0;2;3;0;0;0;2;0;0;1;1;0;2;0;0;2;2;19;Student:in;Divers;Unabhängig vom Geschlecht;Nein;Nein
230;231;1980-01-01 00:00:00;2;de;141718824;1;3;1;0;0;1;2;1;0;1;1;0;0;2;0;1;1;61;Angestellte:r;Weiblich;Männern;Nein, auf der Suche;Ja
231;232;1980-01-01 00:00:00;2;de;1228503911;0;2;2;0;1;1;1;1;0;2;1;1;1;0;0;1;1;59;Selbstständig;Weiblich;Männern;Ja;Ja
234;235;1980-01-01 00:00:00;2;de;1822019203;0;0;0;0;0;6;3;0;0;0;5;0;1;0;0;0;0;12;Schüler:in;Weiblich;Männern;Nein;Nein
236;237;1980-01-01 00:00:00;2;de;792047143;0;2;0;0;0;0;1;1;0;1;1;0;1;0;2;3;3;22;Student:in;Männlich;Frauen;Ja;Nein
237;238;1980-01-01 00:00:00;2;de;574375267;0;0;0;2;2;3;0;1;0;1;2;0;0;0;0;4;0;21;Auszubildende:r;Männlich;Frauen;Nein;Nein
238;239;1980-01-01 00:00:00;2;de;1142224659;0;2;2;0;0;1;1;1;0;2;0;0;1;0;1;3;1;23;Student:in;Weiblich;Männern;Ja;Nein
239;240;1980-01-01 00:00:00;2;de;991278534;0;2;0;0;0;2;1;0;0;0;2;0;1;1;0;5;1;1998;Student:in;Weiblich;Männern;Nein, auf der Suche;Nein
240;241;1980-01-01 00:00:00;2;de;405245729;0;1;1;0;1;2;1;1;0;1;1;1;2;1;0;2;0;21;Student:in;Männlich;Frauen;Ja;Nein
241;242;1980-01-01 00:00:00;2;de;2039042627;1;0;1;1;2;2;2;2;0;1;1;0;0;0;0;1;1;64;Rentner:in;Weiblich;Männern;Ja;Ja
242;243;1980-01-01 00:00:00;2;de;703185880;1;1;0;0;0;1;2;1;0;2;1;0;1;0;1;2;2;24;Student:in;Weiblich;Männern;Ja;Nein
243;244;1980-01-01 00:00:00;2;de;1282044137;0;1;1;2;2;1;1;1;0;2;1;0;0;1;0;1;1;25;Angestellte:r;Männlich;Frauen;Ja;Nein
246;247;1980-01-01 00:00:00;2;de;203735671;1;0;1;1;1;1;2;0;0;1;1;0;0;1;1;2;2;50;Angestellte:r;Weiblich;Männern;Ja;Ja
248;249;1980-01-01 00:00:00;2;de;663289459;0;1;0;1;2;1;2;1;0;1;1;0;0;1;1;2;1;22;Student:in;Männlich;Frauen;Nein;Nein
249;250;1980-01-01 00:00:00;2;de;1775267971;1;1;0;0;0;1;3;0;0;1;1;1;0;0;1;3;2;19;Student:in;Männlich;Frauen;Nein, auf der Suche;Nein
250;251;1980-01-01 00:00:00;2;de;72808290;1;1;1;0;0;2;2;1;0;0;2;0;1;0;1;2;1;21;Student:in;Weiblich;Männern;Ja;Nein
252;253;1980-01-01 00:00:00;2;de;1007516641;0;0;2;0;0;1;3;0;0;2;2;0;0;1;0;0;4;21;Student:in;Männlich;Frauen;Ja;Nein
253;254;1980-01-01 00:00:00;2;de;1004492680;0;1;1;1;1;1;2;1;0;1;1;0;1;0;0;2;2;20;Student:in;Weiblich;Männern;Ja;Nein
254;255;1980-01-01 00:00:00;2;de;1564289445;0;0;1;1;0;2;2;0;0;1;1;0;1;1;1;2;2;26;Angestellte:r;Weiblich;Unabhängig vom Geschlecht;Ja;Nein
255;256;1980-01-01 00:00:00;2;de;1828621733;0;4;0;2;1;1;0;1;0;2;1;0;0;0;1;1;1;24;Student:in;Männlich;Frauen;Nein;Nein
256;257;1980-01-01 00:00:00;2;de;1551377371;0;1;1;0;0;0;1;0;0;1;2;0;0;2;2;2;3;23;Student:in;Weiblich;Männern;Nein;Nein
